arm,test_acc_mean,test_acc_median,test_acc_std,test_acc_min,test_acc_max,test_ece_mean,test_ece_median,test_ece_std,test_ece_min,test_ece_max,train_acc_mean,train_acc_median,train_acc_std,train_acc_min,train_acc_max,gap_mean,gap_median,gap_std,gap_min,gap_max,rank
ctrlB,0.864005544450548,0.8609136939048767,0.0507704096106878,0.7551110982894897,0.9483333230018616,0.1302702577979527,0.09634344166500486,0.11690460325960389,0.0095021996233198,0.3924906702784749,0.8426978859636519,0.8256511986255646,0.07758617786106284,0.690500020980835,0.9649999737739564,-0.0213076584868961,0.016071438789367648,0.06508088978134788,-0.1614285707473755,0.0648369789123535,1
ctrlBpp,0.864005544450548,0.8609136939048767,0.0507704096106878,0.7551110982894897,0.9483333230018616,0.1302702577979527,0.09634344166500486,0.11690460325960389,0.0095021996233198,0.3924906702784749,0.8426978859636519,0.8256511986255646,0.07758617786106284,0.690500020980835,0.9649999737739564,-0.0213076584868961,0.016071438789367648,0.06508088978134788,-0.1614285707473755,0.0648369789123535,1
ctrlA,0.860363714562522,0.8607130944728851,0.06344898284296147,0.7004444599151611,0.9633333086967468,0.09567051620538913,0.0630056013983447,0.08914199880240722,0.015725357564859,0.3390187921904456,0.8731586893399557,0.8718811869621277,0.07502551971475523,0.715499997138977,0.9835714101791382,0.012794974777433583,0.0306548178195953,0.07504476402644814,-0.1494543552398681,0.1740555167198181,3
fixed1,0.8554261267185211,0.8592534959316254,0.06552443622620222,0.6986666917800903,0.9777365326881408,0.06426082414506162,0.0415865468456373,0.05022246337155944,0.0117846461402045,0.2006163866702851,0.8859671354293823,0.8802500069141388,0.07571125551473151,0.7099999785423279,1.0,0.030541008710861177,0.03084579110145565,0.06625384273738197,-0.1464574933052063,0.1818333268165588,4
adadecay,0.8544532464610206,0.851333349943161,0.06439501096856055,0.7048888802528381,0.975881278514862,0.06342522232499016,0.048660843487810954,0.04725184595029244,0.0098902726570765,0.1972542031865591,0.888597305615743,0.8852500021457672,0.075413488584375,0.7114999890327454,0.9992856979370116,0.0341440591547224,0.03345242142677305,0.06595345889958715,-0.147067904472351,0.1691111326217651,5
cwd,0.8434349060058594,0.8418888747692108,0.0750657530644815,0.690666675567627,0.975881278514862,0.06734345914322645,0.056591444743284244,0.04700337873839748,0.0085994381188019,0.181044527560766,0.9143071207735274,0.9252500236034393,0.07516445200416566,0.7135000228881836,1.0,0.07087221476766795,0.0535749793052673,0.09082239057881614,-0.1416568160057068,0.2416666746139526,6
swd,0.841074217028088,0.8458373546600342,0.07697389731902633,0.6833333373069763,0.9721707105636596,0.07561671699186431,0.06641291688471265,0.051444723914897794,0.0093636317023098,0.1825864811870786,0.9200868427753448,0.93098783493042,0.0737775981569972,0.7164999842643738,1.0,0.07901262574725677,0.0595913827419281,0.09642069712039365,-0.1364144682884216,0.2806666493415832,7
awd,0.8406076159742143,0.8476249277591705,0.07701265763676206,0.6800000071525574,0.9721707105636596,0.07897625211035621,0.06909947929444245,0.052005036992230275,0.0075476382459912,0.1911304255260361,0.9229022635353936,0.9329204857349396,0.07348362850923694,0.7285000085830688,1.0,0.08229464756117924,0.06499224901199341,0.0979715822440811,-0.1318408846855163,0.2885000109672546,8
none,0.8402530199951596,0.8471457958221436,0.0769912984386377,0.6826666593551636,0.9721707105636596,0.07880144932695417,0.065022921547182,0.05198173099278202,0.0069113889076714,0.1863088795344035,0.9230101194646624,0.9335970878601074,0.07342784965614321,0.7300000190734863,1.0,0.08275709946950274,0.0671059191226959,0.09733755265334226,-0.1312856674194336,0.2830000519752502,9
