controller,comparator,n_task_variants,mean_paired_difference,median_paired_difference,std_paired_difference,iqr_paired_difference,cluster_bootstrap_median_ci_low,cluster_bootstrap_median_ci_high,task_variant_wins,task_variant_ties,task_variant_losses,task_level_wilcoxon_p_raw,seed_cell_wilcoxon_p_sensitivity,task_level_wilcoxon_p_holm,passes_superiority_gate
ctrlA,adadecay,18,0.00591046810150147,0.0006329119205474298,0.017300249159759692,0.009200644493102955,-0.002000004053115789,0.006045728921890259,10,0,8,0.39273834228515625,0.08910031078652078,1.0,False
ctrlA,awd,18,0.019756098588307704,0.006755554676055875,0.04142890805520552,0.0389756888151169,-0.0032402873039245605,0.013344305753707875,11,0,7,0.1083831787109375,0.0003987648705108648,1.0,False
ctrlA,swd,18,0.019289497534434003,0.003733336925506592,0.039651741515352085,0.04395977854728697,-0.0034751236438750888,0.014400005340576116,12,0,6,0.0987396240234375,0.00030341741793990794,1.0,False
ctrlA,cwd,18,0.016928808556662664,0.002955466508865301,0.03776246777058887,0.029644465446472118,-0.004844450950622525,0.013128274679183927,12,0,6,0.11870574951171875,0.004015366221650857,1.0,False
ctrlB,adadecay,18,0.009552297989527399,0.0016888856887817827,0.03528316679661093,0.05495148003101358,-0.01697889566421512,0.018666660785675027,10,0,8,0.4171142578125,0.07957906116802996,1.0,False
ctrlB,awd,18,0.023397928476333634,0.010444444417953447,0.06086141369129927,0.07483246922492989,-0.01471306085586549,0.027040785551071145,10,0,8,0.22875213623046875,0.008755682072185248,1.0,False
ctrlB,swd,18,0.022931327422459933,0.007422226667404164,0.05978986671371313,0.07948184311389922,-0.01601265072822572,0.026595491170883168,10,0,8,0.28372955322265625,0.010077705920366104,1.0,False
ctrlB,cwd,18,0.020570638444688594,0.004088896512985274,0.05652055132322799,0.07629134953022004,-0.016246831417083774,0.02613222599029541,10,0,8,0.30379486083984375,0.014030875683587888,1.0,False
ctrlBpp,adadecay,18,0.009552297989527399,0.0016888856887817827,0.03528316679661093,0.05495148003101358,-0.01697889566421512,0.018666660785675027,10,0,8,0.4171142578125,0.07957906116802996,1.0,False
ctrlBpp,awd,18,0.023397928476333634,0.010444444417953447,0.06086141369129927,0.07483246922492989,-0.01471306085586549,0.027040785551071145,10,0,8,0.22875213623046875,0.008755682072185248,1.0,False
ctrlBpp,swd,18,0.022931327422459933,0.007422226667404164,0.05978986671371313,0.07948184311389922,-0.01601265072822572,0.026595491170883168,10,0,8,0.28372955322265625,0.010077705920366104,1.0,False
ctrlBpp,cwd,18,0.020570638444688594,0.004088896512985274,0.05652055132322799,0.07629134953022004,-0.016246831417083774,0.02613222599029541,10,0,8,0.30379486083984375,0.014030875683587888,1.0,False
