regime,arm,test_acc_mean,test_acc_median,test_acc_std,test_ece_mean,test_ece_median,test_ece_std,train_acc_mean,train_acc_median,train_acc_std,gap_mean,gap_median,gap_std
clean,adadecay,0.8944288306766086,0.8859512805938721,0.051828274832381234,0.032807434251690866,0.0276428740481257,0.01597263540110977,0.9340250002013313,0.932861328125,0.0504898445554257,0.039596169524722585,0.031127393245697,0.023635255433699525
clean,awd,0.8962457696596782,0.8942221999168396,0.04857869090767852,0.040204124294542495,0.0357111062044682,0.025218980327242898,0.9491517504056295,0.958251953125,0.04303699942706833,0.05290598074595129,0.0477263927459716,0.029651905194863604
clean,ctrlA,0.8922093245718214,0.8781751990318298,0.04774579033445163,0.05482597365677982,0.0280976531505584,0.049092432625736225,0.9277980314360724,0.9282814860343932,0.04422262753450455,0.03558870686425099,0.0361666679382324,0.0181492868462547
clean,ctrlB,0.8810424301359389,0.8679999709129333,0.04737213112613423,0.08064853735995828,0.0355279262463251,0.101162000272301,0.9049663027127584,0.9147496819496156,0.04665466146857134,0.023923872576819476,0.0206512808799743,0.013754668919893456
clean,ctrlBpp,0.8810424301359389,0.8679999709129333,0.04737213112613423,0.08064853735995828,0.0355279262463251,0.101162000272301,0.9049663027127584,0.9147496819496156,0.04665466146857134,0.023923872576819476,0.0206512808799743,0.013754668919893456
clean,cwd,0.897293582227495,0.8989113569259644,0.050295979951840396,0.03435597326482605,0.0297915398302378,0.023313257750757387,0.945093830426534,0.94287109375,0.04625690734074851,0.047800248199039,0.0412029027938842,0.031306924568577775
clean,fixed1,0.8952507628334894,0.8843960762023926,0.05183946766702368,0.03114766292815757,0.027983024276063,0.014890929400844771,0.9321964926189846,0.93098783493042,0.05112887837468015,0.03694572978549529,0.0299999713897705,0.02018008763683805
clean,none,0.8963251802656386,0.8946666717529297,0.04853219573626756,0.040153038577412925,0.0387113671371902,0.024108542150755443,0.9496517644988166,0.958984375,0.043019748118302906,0.053326584233177994,0.0480368733406066,0.029863530208079365
clean,swd,0.8967549482981364,0.8933333158493042,0.04806030196573923,0.03696745114930114,0.0327954687502073,0.02344866440914389,0.9474885503451029,0.953369140625,0.043835483085191224,0.05073360204696652,0.0480709671974182,0.028424479132385463
noisy,adadecay,0.8144776622454325,0.8152173757553101,0.049323171019316665,0.09404301039828945,0.0750865453406225,0.04841057345770612,0.8431696110301548,0.8730000257492065,0.06879872261247155,0.028691948784722202,0.045714259147644,0.09043865563875889
noisy,awd,0.7849694622887505,0.7900000214576721,0.057488141361707774,0.11774837992616993,0.1130140457971091,0.041947951366812515,0.8966527766651577,0.925000011920929,0.08752620634687236,0.11168331437640718,0.1476165056228637,0.1294956611241673
noisy,ctrlA,0.8285181045532226,0.81977778673172,0.06155483771621733,0.13651505875399844,0.0773192447164784,0.10124593091083317,0.8185193472438388,0.828000009059906,0.05764829851321504,-0.009998757309383825,0.00862318277359,0.09999652801922329
noisy,ctrlB,0.846968658765157,0.8413333296775818,0.04874452174747553,0.1798919782359471,0.1535551585149074,0.1112370218928445,0.7804294692145454,0.7940000295639038,0.04547996365693002,-0.06653918955061168,-0.074833333492279,0.06475598437522918
noisy,ctrlBpp,0.846968658765157,0.8413333296775818,0.04874452174747553,0.1798919782359471,0.1535551585149074,0.1112370218928445,0.7804294692145454,0.7940000295639038,0.04547996365693002,-0.06653918955061168,-0.074833333492279,0.06475598437522918
noisy,cwd,0.7895762297842238,0.7942029237747192,0.05417331015070732,0.10033094502162684,0.1093535410075248,0.04122533309406013,0.8835204111205207,0.9114999771118164,0.08572843513933011,0.09394418133629691,0.1262101531028747,0.12089637253447053
noisy,fixed1,0.8156014906035529,0.8149290680885315,0.05246958413337759,0.09737398536196566,0.0811456172149392,0.051355368012364344,0.83973777823978,0.8728010654449463,0.0678900072827765,0.024136287636227063,0.031844139099121,0.09158474185413785
noisy,none,0.7841808597246805,0.7855072617530823,0.05660016101038812,0.11744986007649541,0.1145996856586496,0.042767926480049345,0.896368474430508,0.9275000095367432,0.08719701749039267,0.11218761470582748,0.146263301372528,0.12845629034545927
noisy,swd,0.7853934857580397,0.7886666655540466,0.0577340053930693,0.11426598283442749,0.1106315147876739,0.04180907214352459,0.8926851352055868,0.9194999933242798,0.0869056334735565,0.10729164944754704,0.1433333158493042,0.12791203415645305
