dataset,regime,base_dataset,arm,test_acc,test_ece,train_acc,gap
adult_full,clean,adult,adadecay,0.8422222256660461,0.01368051516479912,0.8724609375,0.030238711833953817
adult_full,clean,adult,awd,0.8332888960838318,0.050313189221752985,0.897265625,0.06397672891616815
adult_full,clean,adult,ctrlA,0.8401333332061768,0.0246888720326953,0.880615234375,0.04048190116882322
adult_full,clean,adult,ctrlB,0.8443999886512756,0.012647494090927918,0.865283203125,0.02088321447372432
adult_full,clean,adult,ctrlBpp,0.8443999886512756,0.012647494090927918,0.865283203125,0.02088321447372432
adult_full,clean,adult,cwd,0.8389777660369873,0.029412742230627238,0.88330078125,0.04432301521301268
adult_full,clean,adult,fixed1,0.8432444334030151,0.0160639985190497,0.8712890625,0.028044629096984797
adult_full,clean,adult,none,0.833644437789917,0.04756008016533316,0.90048828125,0.06684384346008297
adult_full,clean,adult,swd,0.8380444407463074,0.0386212047775586,0.8927734375,0.0547289967536926
adult_n20,noisy,adult,adadecay,0.7318222045898437,0.06943224061992428,0.8660999894142151,0.1342777848243713
adult_n20,noisy,adult,awd,0.7079555511474609,0.1730655281093385,0.9346999883651733,0.2267444372177124
adult_n20,noisy,adult,ctrlA,0.7277777910232544,0.07306896361509954,0.8680999875068665,0.14032219648361202
adult_n20,noisy,adult,ctrlB,0.7707111120224,0.05568104738394414,0.814900004863739,0.04418889284133906
adult_n20,noisy,adult,ctrlBpp,0.7707111120224,0.05568104738394414,0.814900004863739,0.04418889284133906
adult_n20,noisy,adult,cwd,0.7092888832092286,0.1371095712105433,0.9182000041007996,0.208911120891571
adult_n20,noisy,adult,fixed1,0.7260444402694702,0.07580262981255845,0.8728000044822692,0.146755564212799
adult_n20,noisy,adult,none,0.7094666719436645,0.17407429545720415,0.9330999970436096,0.22363332509994502
adult_n20,noisy,adult,swd,0.7043555617332459,0.16988260016971157,0.9279000043869019,0.22354444265365597
bank_full,clean,bank,adadecay,0.9019555568695068,0.01901381157636638,0.931396484375,0.02944092750549312
bank_full,clean,bank,awd,0.8933777689933777,0.04974516489903124,0.95693359375,0.0635558247566223
bank_full,clean,bank,ctrlA,0.9000444412231445,0.027884970711337158,0.9396484375,0.039603996276855444
bank_full,clean,bank,ctrlB,0.9031555652618408,0.012332075273990582,0.922509765625,0.01935420036315912
bank_full,clean,bank,ctrlBpp,0.9031555652618408,0.012332075273990582,0.922509765625,0.01935420036315912
bank_full,clean,bank,cwd,0.9003999948501586,0.03017362831036246,0.942919921875,0.04251992702484126
bank_full,clean,bank,fixed1,0.9016888856887817,0.01691479700936206,0.9298828125,0.0281939268112182
bank_full,clean,bank,none,0.8946666717529297,0.04767930479314588,0.95859375,0.06392707824707028
bank_full,clean,bank,swd,0.8946666598320008,0.04389559321271046,0.953564453125,0.05889779329299925
bank_n20,noisy,bank,adadecay,0.8131555557250977,0.047696651426951044,0.8870999932289123,0.07394443750381464
bank_n20,noisy,bank,awd,0.7728444576263428,0.1254359294136365,0.9485999941825867,0.17575553655624387
bank_n20,noisy,bank,ctrlA,0.8127111077308655,0.03796138872570456,0.8748000144958497,0.062088906764984075
bank_n20,noisy,bank,ctrlB,0.8680000066757202,0.10589142082929606,0.8216000080108643,-0.04639999866485592
bank_n20,noisy,bank,ctrlBpp,0.8680000066757202,0.10589142082929606,0.8216000080108643,-0.04639999866485592
bank_n20,noisy,bank,cwd,0.7887999892234803,0.08227215331130552,0.9223000049591065,0.13350001573562617
bank_n20,noisy,bank,fixed1,0.807022213935852,0.041481085692511646,0.8826000094413757,0.07557779550552364
bank_n20,noisy,bank,none,0.7683999896049499,0.12971815434164463,0.9491999983787537,0.18080000877380367
bank_n20,noisy,bank,swd,0.7684444546699524,0.12258143802881238,0.9467000007629395,0.17825554609298702
digits_full,clean,digits,adadecay,0.9710575103759764,0.037175078969276,0.998410165309906,0.02735265493392942
digits_full,clean,digits,awd,0.9680890560150145,0.013988545321356561,1.0,0.0319109439849853
digits_full,clean,digits,ctrlA,0.958812618255615,0.15452894479976292,0.977106511592865,0.01829389333724974
digits_full,clean,digits,ctrlB,0.9320964694023133,0.2769857855365095,0.9538950681686401,0.02179859876632684
digits_full,clean,digits,ctrlBpp,0.9320964694023133,0.2769857855365095,0.9538950681686401,0.02179859876632684
digits_full,clean,digits,cwd,0.9714285612106321,0.01416723688922692,1.0,0.028571438789367642
digits_full,clean,digits,fixed1,0.9732838511466978,0.0357838335859974,0.9985691547393799,0.025285303592681864
digits_full,clean,digits,none,0.9677180051803587,0.014484712818779139,1.0,0.03228199481964108
digits_full,clean,digits,swd,0.9684601187705992,0.01372351016095924,1.0,0.03153988122940058
digits_n20,noisy,digits,adadecay,0.8716141104698181,0.12739217545636725,0.877999997138977,0.0063858866691589395
digits_n20,noisy,digits,awd,0.8460111260414124,0.06738589673073256,0.924399983882904,0.07838885784149166
digits_n20,noisy,digits,ctrlA,0.898701298236847,0.331304710710867,0.8172000050544739,-0.08150129318237302
digits_n20,noisy,digits,ctrlB,0.8782931447029114,0.3862545714473459,0.7920000195503235,-0.08629312515258783
digits_n20,noisy,digits,ctrlBpp,0.8782931447029114,0.3862545714473459,0.7920000195503235,-0.08629312515258783
digits_n20,noisy,digits,cwd,0.8474953651428223,0.06759483185570841,0.9251999974250793,0.07770463228225703
digits_n20,noisy,digits,fixed1,0.8742115020751953,0.12933080537531502,0.8776000022888184,0.0033885002136230394
digits_n20,noisy,digits,none,0.8448979496955872,0.06462051952205909,0.9239999890327454,0.07910203933715813
digits_n20,noisy,digits,swd,0.8493506431579589,0.0679216805935348,0.9175999879837036,0.06824934482574459
mfeat_full,clean,mfeat,adadecay,0.965999984741211,0.0319067912449439,0.999142849445343,0.03314286470413204
mfeat_full,clean,mfeat,awd,0.9639999747276307,0.01548715520898496,1.0,0.03600002527236936
mfeat_full,clean,mfeat,ctrlA,0.9589999794960022,0.12915963834524152,0.9812857151031494,0.02228573560714716
mfeat_full,clean,mfeat,ctrlB,0.9453333258628845,0.2553333593135078,0.9625714302062989,0.01723810434341428
mfeat_full,clean,mfeat,ctrlBpp,0.9453333258628845,0.2553333593135078,0.9625714302062989,0.01723810434341428
mfeat_full,clean,mfeat,cwd,0.9683333277702332,0.015272352039813957,1.0,0.031666672229766823
mfeat_full,clean,mfeat,fixed1,0.9673333287239074,0.0340012756288051,0.999571418762207,0.03223809003829952
mfeat_full,clean,mfeat,none,0.9639999747276307,0.01630121006071562,1.0,0.03600002527236936
mfeat_full,clean,mfeat,swd,0.9653333187103271,0.01396049690246578,1.0,0.03466668128967284
mfeat_n20,noisy,mfeat,adadecay,0.8703333377838135,0.11817166153589882,0.9045714378356934,0.03423810005187984
mfeat_n20,noisy,mfeat,awd,0.7956666707992553,0.054263617657124966,0.9898571372032166,0.19419046640396115
mfeat_n20,noisy,mfeat,ctrlA,0.931000006198883,0.2766856094449759,0.7997142910957337,-0.13128571510314938
mfeat_n20,noisy,mfeat,ctrlB,0.9363333344459533,0.35267679957548775,0.7791428565979004,-0.15719047784805293
mfeat_n20,noisy,mfeat,ctrlBpp,0.9363333344459533,0.35267679957548775,0.7791428565979004,-0.15719047784805293
mfeat_n20,noisy,mfeat,cwd,0.8043333411216735,0.03873376517494514,0.9857142925262451,0.1813809514045715
mfeat_n20,noisy,mfeat,fixed1,0.8833333253860474,0.14010752502083773,0.8857142686843872,0.0023809432983398797
mfeat_n20,noisy,mfeat,none,0.7963333487510681,0.05649787883460515,0.9888571381568909,0.1925237894058227
mfeat_n20,noisy,mfeat,swd,0.8023333430290223,0.048821401764949104,0.9861428499221802,0.18380950689315792
phoneme_full,clean,phoneme,adadecay,0.8246761202812195,0.03177586720358944,0.8500132203102112,0.025337100028991637
phoneme_full,clean,phoneme,awd,0.8540407180786133,0.02174454392804396,0.8744911432266236,0.02045042514801022
phoneme_full,clean,phoneme,ctrlA,0.8285009145736695,0.025753357725184563,0.8532381653785706,0.024737250804901082
phoneme_full,clean,phoneme,ctrlB,0.798149299621582,0.04115598758086236,0.8186095595359802,0.02046025991439816
phoneme_full,clean,phoneme,ctrlBpp,0.798149299621582,0.04115598758086236,0.8186095595359802,0.02046025991439816
phoneme_full,clean,phoneme,cwd,0.8455274343490601,0.02238649513381706,0.8683584451675415,0.02283101081848138
phoneme_full,clean,phoneme,fixed1,0.823812460899353,0.029905248960545538,0.849114465713501,0.025302004814147898
phoneme_full,clean,phoneme,none,0.8528069019317627,0.02445727441135852,0.8727993607521057,0.01999245882034298
phoneme_full,clean,phoneme,swd,0.8507094383239746,0.02302248944550804,0.8726407527923584,0.02193131446838372
phoneme_n20,noisy,phoneme,adadecay,0.807896363735199,0.13440254620017272,0.7162000060081481,-0.09169635772705073
phoneme_n20,noisy,phoneme,awd,0.8118445396423339,0.10871627087360687,0.7343000054359436,-0.07754453420639033
phoneme_n20,noisy,phoneme,ctrlA,0.8103639602661132,0.12508375561582974,0.7251000046730042,-0.08526395559310909
phoneme_n20,noisy,phoneme,ctrlB,0.8061690211296082,0.13667546598577407,0.7177000045776367,-0.08846901655197138
phoneme_n20,noisy,phoneme,ctrlBpp,0.8061690211296082,0.13667546598577407,0.7177000045776367,-0.08846901655197138
phoneme_n20,noisy,phoneme,cwd,0.8088834047317505,0.12119647390970394,0.7255999922752381,-0.08328341245651241
phoneme_n20,noisy,phoneme,fixed1,0.8059222817420959,0.13523590333074934,0.7139000058174133,-0.09202227592468257
phoneme_n20,noisy,phoneme,none,0.8106107354164124,0.10648517816027023,0.7342000007629395,-0.07641073465347284
phoneme_n20,noisy,phoneme,swd,0.8109808683395385,0.11104665663711528,0.7299999952316284,-0.0809808731079101
qsar_full,clean,qsar,adadecay,0.8683544278144837,0.06178484257263468,0.9285521030426025,0.06019767522811886
qsar_full,clean,qsar,awd,0.8658227682113647,0.0706898565345172,0.9315290927886963,0.06570632457733153
qsar_full,clean,qsar,ctrlA,0.8689873337745666,0.0613537400395055,0.925845742225647,0.056858408451080276
qsar_full,clean,qsar,ctrlB,0.8550632953643799,0.03534687689588036,0.9147496581077575,0.059686362743377644
qsar_full,clean,qsar,ctrlBpp,0.8550632953643799,0.03534687689588036,0.9147496581077575,0.059686362743377644
qsar_full,clean,qsar,cwd,0.8645569562911988,0.06817202854760082,0.9334235429763794,0.06886658668518061
qsar_full,clean,qsar,fixed1,0.8696202397346496,0.06378976927150651,0.9288227438926697,0.059202504158019975
qsar_full,clean,qsar,none,0.8658227682113647,0.07045368444693237,0.9320703625679017,0.06624759435653685
qsar_full,clean,qsar,swd,0.8670886039733887,0.06757268058725549,0.9317997336387634,0.06471112966537472
qsar_n20,noisy,qsar,adadecay,0.7753164529800415,0.06728977587404128,0.8787550806999207,0.10343862771987913
qsar_n20,noisy,qsar,awd,0.7588607668876648,0.11433643823183029,0.9012178778648376,0.1423571109771728
qsar_n20,noisy,qsar,ctrlA,0.7759493708610534,0.05968756590840178,0.8722598075866699,0.09631043672561643
qsar_n20,noisy,qsar,ctrlB,0.803164541721344,0.07172774383916124,0.8265223383903504,0.02335779666900632
qsar_n20,noisy,qsar,ctrlBpp,0.803164541721344,0.07172774383916124,0.8265223383903504,0.02335779666900632
qsar_n20,noisy,qsar,cwd,0.7607594966888428,0.11493139979016931,0.8933694124221802,0.13260991573333733
qsar_n20,noisy,qsar,fixed1,0.7778481125831604,0.07285656315993654,0.8790257096290588,0.10117759704589839
qsar_n20,noisy,qsar,none,0.7582278490066529,0.1105749852483785,0.9017591357231141,0.14353128671646115
qsar_n20,noisy,qsar,swd,0.7563291072845459,0.10343613822626159,0.8993234038352966,0.1429942965507507
satimage_full,clean,satimage,adadecay,0.8865733504295349,0.02277084761267804,0.902734375,0.01616102457046504
satimage_full,clean,satimage,awd,0.8993260741233826,0.01733520164614576,0.925732421875,0.026406347751617383
satimage_full,clean,satimage,ctrlA,0.877553129196167,0.02814681648497382,0.88955078125,0.01199765205383296
satimage_full,clean,satimage,ctrlB,0.8520476818084717,0.03574305197823654,0.865234375,0.01318669319152826
satimage_full,clean,satimage,ctrlBpp,0.8520476818084717,0.03574305197823654,0.865234375,0.01318669319152826
satimage_full,clean,satimage,cwd,0.9007776141166687,0.01503490072232316,0.921337890625,0.02056027650833126
satimage_full,clean,satimage,fixed1,0.8844997406005859,0.02063022875581886,0.89814453125,0.013644790649414021
satimage_full,clean,satimage,none,0.8989113450050354,0.01796573612157264,0.9255859375,0.026674592494964545
satimage_full,clean,satimage,swd,0.8992223858833313,0.01601307052228656,0.9236328125,0.02441042661666864
satimage_n20,noisy,satimage,adadecay,0.8641783237457276,0.18700664423178237,0.7205999970436097,-0.14357832670211787
satimage_n20,noisy,satimage,awd,0.8810782790184021,0.15821391529311407,0.7510000109672547,-0.13007826805114744
satimage_n20,noisy,satimage,ctrlA,0.8653188228607178,0.18906364292138098,0.7208000063896179,-0.14451881647109982
satimage_n20,noisy,satimage,ctrlB,0.8386728763580322,0.19719161078248879,0.6950000047683715,-0.14367287158966063
satimage_n20,noisy,satimage,ctrlBpp,0.8386728763580322,0.19719161078248879,0.6950000047683715,-0.14367287158966063
satimage_n20,noisy,satimage,cwd,0.877553129196167,0.16819688989561166,0.7406000018119812,-0.13695312738418575
satimage_n20,noisy,satimage,fixed1,0.860860550403595,0.18858258407881617,0.7171000003814697,-0.1437605500221252
satimage_n20,noisy,satimage,none,0.8795230746269226,0.15869572963536613,0.7509000062942505,-0.12862306833267206
satimage_n20,noisy,satimage,swd,0.8802488327026368,0.1616644682678427,0.7495000004768372,-0.13074883222579953
spambase_full,clean,spambase,adadecay,0.9394202947616577,0.0237646677161472,0.9781434297561645,0.03872313499450678
spambase_full,clean,spambase,awd,0.9400000095367431,0.037149026722147774,0.9872710227966308,0.04727101325988762
spambase_full,clean,spambase,ctrlA,0.9389855027198791,0.0203170576302901,0.9767773985862733,0.037791895866394
spambase_full,clean,spambase,ctrlB,0.9308695793151855,0.02008240786151604,0.9514436602592469,0.02057408094406122
spambase_full,clean,spambase,ctrlBpp,0.9308695793151855,0.02008240786151604,0.9514436602592469,0.02057408094406122
spambase_full,clean,spambase,cwd,0.9388405919075012,0.03424004238152846,0.9855324625968933,0.04669187068939204
spambase_full,clean,spambase,fixed1,0.9388405919075012,0.0242458542576734,0.9788885235786438,0.040047931671142525
spambase_full,clean,spambase,none,0.9402898550033569,0.038356562792390955,0.9872710347175598,0.04698117971420284
spambase_full,clean,spambase,swd,0.9375362396240234,0.034963174596212857,0.9858429074287415,0.04830666780471796
spambase_n20,noisy,spambase,adadecay,0.831449282169342,0.0553713504991669,0.8666000008583069,0.03515071868896478
spambase_n20,noisy,spambase,awd,0.789130425453186,0.09189990765806556,0.9148999929428101,0.12576956748962398
spambase_n20,noisy,spambase,ctrlA,0.8421739220619202,0.06532798761042992,0.8597000002861023,0.01752607822418208
spambase_n20,noisy,spambase,ctrlB,0.8855072379112243,0.15075762297796164,0.8154000043869019,-0.07010723352432245
spambase_n20,noisy,spambase,ctrlBpp,0.8855072379112243,0.15075762297796164,0.8154000043869019,-0.07010723352432245
spambase_n20,noisy,spambase,cwd,0.7917391300201416,0.05502908639717789,0.8977999925613404,0.10606086254119869
spambase_n20,noisy,spambase,fixed1,0.8379710078239441,0.05945667966552398,0.8677000045776367,0.02972899675369258
spambase_n20,noisy,spambase,none,0.7871014595031738,0.08874043839997138,0.9166999936103821,0.1295985341072082
spambase_n20,noisy,spambase,swd,0.7895652294158936,0.08688656726609104,0.9131999969482422,0.12363476753234859
waveform_full,clean,waveform,adadecay,0.8496000051498414,0.05339448620478306,0.945371437072754,0.09577143192291253
waveform_full,clean,waveform,awd,0.8482666611671448,0.08538443516890201,0.9691428542137146,0.12087619304656978
waveform_full,clean,waveform,ctrlA,0.8578666687011719,0.0216003651420275,0.926114296913147,0.06824762821197504
waveform_full,clean,waveform,ctrlB,0.8682666659355164,0.0362097977081934,0.8904000043869018,0.02213333845138546
waveform_full,clean,waveform,ctrlBpp,0.8682666659355164,0.0362097977081934,0.8904000043869018,0.02213333845138546
waveform_full,clean,waveform,cwd,0.8467999935150147,0.08034433312813435,0.970971429347992,0.12417143583297725
waveform_full,clean,waveform,fixed1,0.8549333333969116,0.03899396036465956,0.9354857206344604,0.0805523872375488
waveform_full,clean,waveform,none,0.8490666627883912,0.08411878158648804,0.9700571537017822,0.12099049091339105
waveform_full,clean,waveform,swd,0.8497333288192749,0.08093484013875321,0.9671428561210632,0.11740952730178829
waveform_n20,noisy,waveform,adadecay,0.7645333290100098,0.03962404774030048,0.8705999970436096,0.1060666680335998
waveform_n20,noisy,waveform,awd,0.7013333439826965,0.1664179153680801,0.9708999991416931,0.2695666551589965
waveform_n20,noisy,waveform,ctrlA,0.7926666617393494,0.07045190423329666,0.8290000081062316,0.03633334636688228
waveform_n20,noisy,waveform,ctrlB,0.83586665391922,0.16217152130206425,0.7615999817848206,-0.07426667213439936
waveform_n20,noisy,waveform,ctrlBpp,0.83586665391922,0.16217152130206425,0.7615999817848206,-0.07426667213439936
waveform_n20,noisy,waveform,cwd,0.7173333287239074,0.11791433364947634,0.9429000020027161,0.22556667327880855
waveform_n20,noisy,waveform,fixed1,0.767199981212616,0.03351209212144214,0.8611999988555908,0.0940000176429748
waveform_n20,noisy,waveform,none,0.7030666589736938,0.16764156108895936,0.9686000108718872,0.2655333518981933
waveform_n20,noisy,waveform,swd,0.7069333314895629,0.15615289455552891,0.9637999773025513,0.2568666458129882
