arm,dataset,gap,runtime_seconds,seed,test_acc,test_ece,train_acc
adadecay,fashion_full,0.034845709800720215,160.32953476905823,0,0.8569999933242798,0.01723530113697052,0.891845703125
adadecay,fashion_full,0.03894531726837158,158.53343105316162,1,0.8487499952316284,0.009632333334535361,0.8876953125
adadecay,fashion_full,0.03972458839416504,159.46103167533875,2,0.846750020980835,0.02261687822639942,0.886474609375
awd,fashion_full,0.1160312294960022,158.32073521614075,0,0.8722500205039978,0.0823191286996007,0.98828125
awd,fashion_full,0.1052851676940918,152.97781419754028,1,0.8619999885559082,0.08781271069869398,0.96728515625
awd,fashion_full,0.11005467176437378,150.8576204776764,2,0.8772500157356262,0.08082915902137756,0.9873046875
ctrlA,fashion_full,0.03265625238418579,155.38768649101257,0,0.8462499976158142,0.016008674066513778,0.87890625
ctrlA,fashion_full,0.03690624237060547,156.98511910438538,1,0.8420000076293945,0.018802646059542894,0.87890625
ctrlA,fashion_full,0.028736352920532227,157.4447364807129,2,0.8259999752044678,0.010637583382427693,0.854736328125
ctrlB,fashion_full,0.02047264575958252,154.94878602027893,0,0.8452500104904175,0.03618270345404744,0.86572265625
ctrlB,fashion_full,0.02445507049560547,155.7708592414856,1,0.8107500076293945,0.0183841033577919,0.835205078125
ctrlB,fashion_full,0.022550761699676514,155.11140871047974,2,0.8295000195503235,0.02597534474730492,0.85205078125
cwd,fashion_full,0.0743984580039978,155.63602471351624,0,0.8777499794960022,0.03972852573916316,0.9521484375
cwd,fashion_full,0.08156639337539673,161.59451508522034,1,0.8740000128746033,0.03453303523361683,0.95556640625
cwd,fashion_full,0.07588475942611694,159.56366515159607,2,0.8560000061988831,0.05188017015904188,0.931884765625
fixed1,fashion_full,0.038228511810302734,162.4126799106598,0,0.8585000038146973,0.015884285397827623,0.896728515625
fixed1,fashion_full,0.039994120597839355,163.07942128181458,1,0.8665000200271606,0.01565349145978689,0.906494140625
fixed1,fashion_full,0.04007226228713989,163.21191811561584,2,0.8527500033378601,0.012803954750299452,0.892822265625
none,fashion_full,0.10392969846725464,162.17291498184204,0,0.8677499890327454,0.08472064725309611,0.9716796875
none,fashion_full,0.09906446933746338,162.16155767440796,1,0.8669999837875366,0.07838357903808355,0.966064453125
none,fashion_full,0.11051368713378906,161.10188937187195,2,0.8784999847412109,0.08012512473762035,0.989013671875
swd,fashion_full,0.10520118474960327,159.92921686172485,0,0.8759999871253967,0.06563861222565173,0.981201171875
swd,fashion_full,0.09343749284744263,154.76004123687744,1,0.8675000071525574,0.06890257799997926,0.9609375
swd,fashion_full,0.09861326217651367,154.38933801651,2,0.8550000190734863,0.08318271211534739,0.95361328125
adadecay,fashion_n20,0.051916658878326416,169.26971077919006,0,0.793749988079071,0.04804499351233244,0.8456666469573975
adadecay,fashion_n20,0.08758330345153809,163.90392327308655,1,0.7457500100135803,0.046781200878322125,0.8333333134651184
adadecay,fashion_n20,0.04500001668930054,163.07426500320435,2,0.7910000085830688,0.04914898006245494,0.8360000252723694
awd,fashion_n20,0.2444167137145996,166.52172303199768,0,0.7552499771118164,0.16451565369963644,0.999666690826416
awd,fashion_n20,0.2604166269302368,155.39475750923157,1,0.7382500171661377,0.16754468340426684,0.9986666440963745
awd,fashion_n20,0.27925002574920654,162.8067123889923,2,0.7107499837875366,0.18094762083142996,0.9900000095367432
ctrlA,fashion_n20,-0.109333336353302,167.608722448349,0,0.8230000138282776,0.18207816831953821,0.7136666774749756
ctrlA,fashion_n20,-0.1003333330154419,154.33909845352173,1,0.8100000023841858,0.1726739349663258,0.7096666693687439
ctrlA,fashion_n20,-0.11533331871032715,158.61758089065552,2,0.824999988079071,0.17980861653015015,0.7096666693687439
ctrlB,fashion_n20,-0.1121666431427002,156.60664534568787,0,0.8004999756813049,0.16889966621249913,0.6883333325386047
ctrlB,fashion_n20,-0.11250001192092896,163.53653478622437,1,0.8174999952316284,0.20673359681293368,0.7049999833106995
ctrlB,fashion_n20,-0.12591665983200073,163.66695380210876,2,0.8112499713897705,0.19228239452093837,0.6853333115577698
cwd,fashion_n20,0.24250000715255737,156.8460931777954,0,0.7394999861717224,0.10557684890925884,0.9819999933242798
cwd,fashion_n20,0.2354167103767395,157.60263872146606,1,0.7362499833106995,0.11527807001769541,0.971666693687439
cwd,fashion_n20,0.24641668796539307,153.7323341369629,2,0.7412499785423279,0.09880473508685828,0.987666666507721
fixed1,fashion_n20,0.05575001239776611,159.660094499588,0,0.8012499809265137,0.047190293092280636,0.8569999933242798
fixed1,fashion_n20,0.08249998092651367,161.08145880699158,1,0.7415000200271606,0.03463889730721713,0.8240000009536743
fixed1,fashion_n20,0.05083334445953369,160.50540041923523,2,0.7904999852180481,0.03307961454242468,0.8413333296775818
none,fashion_n20,0.24825000762939453,158.47638154029846,0,0.7507500052452087,0.16509221716225148,0.9990000128746033
none,fashion_n20,0.25,159.4632532596588,1,0.7480000257492065,0.16988841113820674,0.9980000257492065
none,fashion_n20,0.26600003242492676,159.59391713142395,2,0.7279999852180481,0.1795602789372206,0.9940000176429749
swd,fashion_n20,0.2537499666213989,151.9493260383606,0,0.7422500252723694,0.14480974490195514,0.9959999918937683
swd,fashion_n20,0.2407500147819519,162.67494344711304,1,0.7542499899864197,0.14239623668044804,0.9950000047683716
swd,fashion_n20,0.25333333015441895,152.60805463790894,2,0.7360000014305115,0.14388352941721677,0.9893333315849304
