stream,method,lam0,seed,prequential_acc,n_windows
electricity,adadecay_default,0.0,0,0.7044270833333334,46
electricity,adadecay_default,0.0,1,0.6874117231638418,46
electricity,adadecay_default,0.0,2,0.712504413841808,46
electricity,adadecay_default,0.0,3,0.6575079449152542,46
electricity,adadecay_default,0.0,4,0.6705949858757062,46
electricity,adadecay_regime,0.0,0,0.7113126765536724,46
electricity,adadecay_regime,0.0,1,0.702242231638418,46
electricity,adadecay_regime,0.0,2,0.691207627118644,46
electricity,adadecay_regime,0.0,3,0.6632459392655368,46
electricity,adadecay_regime,0.0,4,0.7076712570621468,46
electricity,ctrl,0.0,0,0.7214424435028248,46
electricity,ctrl,0.0,1,0.7140051200564972,46
electricity,ctrl,0.0,2,0.6967690677966102,46
electricity,ctrl,0.0,3,0.651174081920904,46
electricity,ctrl,0.0,4,0.6528513418079096,46
electricity,fixed,0.01,0,0.6930835098870056,46
electricity,fixed,0.01,1,0.6622969632768362,46
electricity,fixed,0.01,2,0.7090616172316384,46
electricity,fixed,0.01,3,0.6699108403954802,46
electricity,fixed,0.01,4,0.6925538488700564,46
electricity,fixed,0.0,0,0.7074505649717514,46
electricity,fixed,0.0,1,0.7031912076271186,46
electricity,fixed,0.0,2,0.710738877118644,46
electricity,fixed,0.0,3,0.6848516949152542,46
electricity,fixed,0.0,4,0.6572872528248588,46
electricity,fixed,0.1,0,0.709569209039548,46
electricity,fixed,0.1,1,0.7091719632768362,46
electricity,fixed,0.1,2,0.71532927259887,46
electricity,fixed,0.1,3,0.6634224929378532,46
electricity,fixed,0.1,4,0.6659825211864406,46
electricity,fixed,10.0,0,0.6531382415254238,46
electricity,fixed,10.0,1,0.6494085451977402,46
electricity,fixed,10.0,2,0.657861052259887,46
electricity,fixed,10.0,3,0.6532485875706214,46
electricity,fixed,10.0,4,0.6452374646892656,46
electricity,fixed,1.0,0,0.727290783898305,46
electricity,fixed,1.0,1,0.696195268361582,46
electricity,fixed,1.0,2,0.6827330508474576,46
electricity,fixed,1.0,3,0.659714865819209,46
electricity,fixed,1.0,4,0.7027498234463276,46
rotating_hyperplane,adadecay_default,0.0,0,0.8319,20
rotating_hyperplane,adadecay_default,0.0,1,0.8286,20
rotating_hyperplane,adadecay_default,0.0,2,0.82635,20
rotating_hyperplane,adadecay_default,0.0,3,0.8326,20
rotating_hyperplane,adadecay_default,0.0,4,0.8287,20
rotating_hyperplane,adadecay_regime,0.0,0,0.82145,20
rotating_hyperplane,adadecay_regime,0.0,1,0.8173,20
rotating_hyperplane,adadecay_regime,0.0,2,0.8155,20
rotating_hyperplane,adadecay_regime,0.0,3,0.8228,20
rotating_hyperplane,adadecay_regime,0.0,4,0.8153,20
rotating_hyperplane,ctrl,0.0,0,0.83115,20
rotating_hyperplane,ctrl,0.0,1,0.82695,20
rotating_hyperplane,ctrl,0.0,2,0.82495,20
rotating_hyperplane,ctrl,0.0,3,0.8307,20
rotating_hyperplane,ctrl,0.0,4,0.82705,20
rotating_hyperplane,fixed,0.01,0,0.8321,20
rotating_hyperplane,fixed,0.01,1,0.8281,20
rotating_hyperplane,fixed,0.01,2,0.8262,20
rotating_hyperplane,fixed,0.01,3,0.83275,20
rotating_hyperplane,fixed,0.01,4,0.8282,20
rotating_hyperplane,fixed,0.0,0,0.832,20
rotating_hyperplane,fixed,0.0,1,0.82885,20
rotating_hyperplane,fixed,0.0,2,0.8263,20
rotating_hyperplane,fixed,0.0,3,0.8325,20
rotating_hyperplane,fixed,0.0,4,0.8286,20
rotating_hyperplane,fixed,0.1,0,0.8313,20
rotating_hyperplane,fixed,0.1,1,0.82785,20
rotating_hyperplane,fixed,0.1,2,0.82575,20
rotating_hyperplane,fixed,0.1,3,0.83185,20
rotating_hyperplane,fixed,0.1,4,0.82755,20
rotating_hyperplane,fixed,10.0,0,0.81755,20
rotating_hyperplane,fixed,10.0,1,0.80715,20
rotating_hyperplane,fixed,10.0,2,0.80825,20
rotating_hyperplane,fixed,10.0,3,0.8155,20
rotating_hyperplane,fixed,10.0,4,0.8045,20
rotating_hyperplane,fixed,1.0,0,0.82395,20
rotating_hyperplane,fixed,1.0,1,0.81935,20
rotating_hyperplane,fixed,1.0,2,0.8172,20
rotating_hyperplane,fixed,1.0,3,0.8247,20
rotating_hyperplane,fixed,1.0,4,0.81725,20
sea,adadecay_default,0.0,0,0.84045,20
sea,adadecay_default,0.0,1,0.85715,20
sea,adadecay_default,0.0,2,0.8606,20
sea,adadecay_default,0.0,3,0.8449,20
sea,adadecay_default,0.0,4,0.84245,20
sea,adadecay_regime,0.0,0,0.841,20
sea,adadecay_regime,0.0,1,0.8586,20
sea,adadecay_regime,0.0,2,0.8587,20
sea,adadecay_regime,0.0,3,0.84635,20
sea,adadecay_regime,0.0,4,0.8447,20
sea,ctrl,0.0,0,0.84095,20
sea,ctrl,0.0,1,0.858,20
sea,ctrl,0.0,2,0.86035,20
sea,ctrl,0.0,3,0.84575,20
sea,ctrl,0.0,4,0.84305,20
sea,fixed,0.01,0,0.84055,20
sea,fixed,0.01,1,0.8569,20
sea,fixed,0.01,2,0.86035,20
sea,fixed,0.01,3,0.8449,20
sea,fixed,0.01,4,0.8427,20
sea,fixed,0.0,0,0.84045,20
sea,fixed,0.0,1,0.85705,20
sea,fixed,0.0,2,0.8605,20
sea,fixed,0.0,3,0.84505,20
sea,fixed,0.0,4,0.8426,20
sea,fixed,0.1,0,0.84085,20
sea,fixed,0.1,1,0.85765,20
sea,fixed,0.1,2,0.86065,20
sea,fixed,0.1,3,0.84545,20
sea,fixed,0.1,4,0.8429,20
sea,fixed,10.0,0,0.8365,20
sea,fixed,10.0,1,0.8529,20
sea,fixed,10.0,2,0.8535,20
sea,fixed,10.0,3,0.8337,20
sea,fixed,10.0,4,0.8374,20
sea,fixed,1.0,0,0.84185,20
sea,fixed,1.0,1,0.8587,20
sea,fixed,1.0,2,0.8602,20
sea,fixed,1.0,3,0.84625,20
sea,fixed,1.0,4,0.8458,20
